{
    "pick_and_lift": [
        [
            -0.08381575345993042,
            -0.49629777669906616,
            0.0
        ],
        [
            0.5079741477966309,
            0.4867810606956482,
            1.4851210117340088
        ]
    ],
    "pick_up_cup": [
        [
            -0.06772603839635849,
            -0.3943077027797699,
            0.0
        ],
        [
            0.47586789727211,
            0.3815375864505768,
            1.5117909908294678
        ]
    ],
    "put_knife_on_chopping_board": [
        [
            -0.3747401833534241,
            -0.6336349248886108,
            0.0
        ],
        [
            0.545236349105835,
            0.6937552690505981,
            1.5797035694122314
        ]
    ],
    "put_money_in_safe": [
        [
            -0.05646437406539917,
            -0.3176371157169342,
            0.0
        ],
        [
            0.27870357036590576,
            0.41792258620262146,
            1.4720487594604492
        ]
    ],
    "push_button": [
        [
            -0.010599721223115921,
            -0.39317312836647034,
            0.0
        ],
        [
            0.5058262348175049,
            0.4982907474040985,
            1.4929382801055908
        ]
    ],
    "reach_target": [
        [
            0.030677050352096558,
            -0.3223608434200287,
            0.7781586050987244
        ],
        [
            0.45837610960006714,
            0.3189598321914673,
            1.4720613956451416
        ]
    ],
    "slide_block_to_target": [
        [
            -0.03281932696700096,
            -0.4474794864654541,
            0.0
        ],
        [
            0.522365391254425,
            0.4560587704181671,
            1.4720343351364136
        ]
    ],
    "stack_wine": [
        [
            0.0,
            -0.46300166845321655,
            0.0
        ],
        [
            0.4701472520828247,
            0.3452204167842865,
            1.4952396154403687
        ]
    ],
    "take_money_out_safe": [
        [
            0.0,
            -0.4059801697731018,
            0.0
        ],
        [
            0.5726959705352783,
            0.24592851102352142,
            1.6167197227478027
        ]
    ],
    "take_umbrella_out_of_umbrella_stand": [
        [
            -0.14504584670066833,
            -0.41720640659332275,
            0.0
        ],
        [
            0.4437467157840729,
            0.4159110188484192,
            1.5320274829864502
        ]
    ]
}