{
    "unplug_charger": [
        [
            -0.29922908544540405,
            -0.7662299871444702,
            0.0
        ],
        [
            0.5130970478057861,
            0.4984983205795288,
            1.7100639343261719
        ]
    ],
    "close_door": [
        [
            -0.11808378249406815,
            -0.2475273162126541,
            0.0
        ],
        [
            0.6544017195701599,
            0.7531276941299438,
            1.6000962257385254
        ]
    ],
    "open_box": [
        [
            0.0,
            -0.46455058455467224,
            0.0
        ],
        [
            0.413236528635025,
            0.2749057114124298,
            1.4720431566238403
        ]
    ],
    "open_fridge": [
        [
            -0.07045182585716248,
            -0.5528866648674011,
            0.0
        ],
        [
            0.5658358335494995,
            0.6601285934448242,
            1.7642247676849365
        ]
    ],
    "put_umbrella_in_umbrella_stand": [
        [
            -0.45183423161506653,
            -0.6764379739761353,
            0.0
        ],
        [
            0.43980759382247925,
            0.6594938039779663,
            1.6006457805633545
        ]
    ],
    "take_frame_off_hanger": [
        [
            -0.20246325433254242,
            -0.6438006162643433,
            0.0
        ],
        [
            0.5887179970741272,
            0.44910234212875366,
            1.5252741575241089
        ]
    ],
    "open_oven": [
        [
            -0.8026821613311768,
            -0.676438570022583,
            0.0
        ],
        [
            0.4835498332977295,
            0.729202926158905,
            1.6327813863754272
        ]
    ],
    "put_books_on_bookshelf": [
        [
            -0.36669081449508667,
            -0.6910393238067627,
            0.0
        ],
        [
            0.5403723120689392,
            0.6782674193382263,
            1.7451695203781128
        ]
    ],
    "slide_cabinet_open_and_place_cups": [
        [
            -0.5447191596031189,
            -0.6808427572250366,
            0.0
        ],
        [
            0.4932557940483093,
            0.8356815576553345,
            1.599669098854065
        ]
    ],
    "wipe_desk": [
        [
            -0.11043275147676468,
            -0.4582236409187317,
            0.0
        ],
        [
            0.5321990847587585,
            0.4930092990398407,
            1.4910259246826172
        ]
    ]
}