{
    "unplug_charger": [
        [
            -0.29922908544540405,
            -0.7515815496444702,
            0.0
        ],
        [
            0.5130970478057861,
            0.4984983205795288,
            1.7100639343261719
        ]
    ],
    "close_door": [
        [
            -0.11808378249406815,
            -0.2894078493118286,
            0.0
        ],
        [
            0.6544017195701599,
            0.7531276941299438,
            1.8251752853393555
        ]
    ],
    "open_box": [
        [
            0.0,
            -0.4468059837818146,
            0.0
        ],
        [
            0.37376588582992554,
            0.2770377993583679,
            1.4720419645309448
        ]
    ],
    "open_fridge": [
        [
            -0.005368247628211975,
            -0.5528866648674011,
            0.0
        ],
        [
            0.5658358335494995,
            0.5574407577514648,
            1.7720420360565186
        ]
    ],
    "hang_frame_on_hanger": [
        [
            -0.4262846112251282,
            -0.5399293899536133,
            0.0
        ],
        [
            0.5251832604408264,
            0.6774820685386658,
            1.7508659362792969
        ]
    ],
    "put_umbrella_in_umbrella_stand": [
        [
            -0.45183423161506653,
            -0.6764379739761353,
            0.0
        ],
        [
            0.43980759382247925,
            0.7460368871688843,
            1.639784574508667
        ]
    ],
    "take_frame_off_hanger": [
        [
            -0.20246325433254242,
            -0.6199776530265808,
            0.0
        ],
        [
            0.5887179970741272,
            0.33654293417930603,
            1.5252741575241089
        ]
    ],
    "open_oven": [
        [
            -0.6973199844360352,
            -0.676438570022583,
            0.0
        ],
        [
            0.487286776304245,
            0.729202926158905,
            1.6693345308303833
        ]
    ],
    "put_books_on_bookshelf": [
        [
            -0.36669081449508667,
            -0.6910393238067627,
            0.0
        ],
        [
            0.5114582777023315,
            0.6782674193382263,
            1.766852855682373
        ]
    ],
    "wipe_desk": [
        [
            -0.1021231859922409,
            -0.4691624045372009,
            0.0
        ],
        [
            0.5321990847587585,
            0.5110448598861694,
            1.4720406532287598
        ]
    ],
    "slide_cabinet_open_and_place_cups": [
        [
            -0.4658391773700714,
            -0.6808427572250366,
            0.0
        ],
        [
            0.4932557940483093,
            0.8313291668891907,
            1.6574281454086304
        ]
    ],
    "take_shoes_out_of_box": [
        [
            0.0,
            -0.4259464144706726,
            0.0
        ],
        [
            0.36631613969802856,
            0.3719445466995239,
            1.4720351696014404
        ]
    ]
}