{
    "close_door": [
        [
            -0.11808378249406815,
            -0.2475273162126541,
            0.0
        ],
        [
            0.6544017195701599,
            0.7531276941299438,
            1.6000962257385254
        ]
    ],
    "wipe_desk": [
        [
            -0.11043275147676468,
            -0.4582236409187317,
            0.0
        ],
        [
            0.5321990847587585,
            0.4930092990398407,
            1.4910259246826172
        ]
    ]
}