{
    "unplug_charger": [
        [
            -0.29922908544540405,
            -0.7662299871444702,
            0.0
        ],
        [
            0.5130970478057861,
            0.4984983205795288,
            1.7100639343261719
        ]
    ],
    "close_door": [
        [
            -0.11808378249406815,
            -0.2475273162126541,
            0.0
        ],
        [
            0.6544017195701599,
            0.7531276941299438,
            1.6000962257385254
        ]
    ],
    "open_box": [
        [
            0.0,
            -0.46455058455467224,
            0.0
        ],
        [
            0.413236528635025,
            0.2749057114124298,
            1.4720431566238403
        ]
    ],
    "open_drawer": [
        [
            0.0,
            -0.06636899709701538,
            0.0
        ],
        [
            0.3917968273162842,
            0.5324020385742188,
            1.5181533098220825
        ]
    ],
    "open_fridge": [
        [
            -0.07045182585716248,
            -0.5528866648674011,
            0.0
        ],
        [
            0.5658358335494995,
            0.6601285934448242,
            1.7642247676849365
        ]
    ],
    "open_door": [
        [
            -0.018724411725997925,
            -0.2874566912651062,
            0.0
        ],
        [
            0.6590056419372559,
            0.5623502731323242,
            1.634913444519043
        ]
    ],
    "put_umbrella_in_umbrella_stand": [
        [
            -0.45183423161506653,
            -0.6764379739761353,
            0.0
        ],
        [
            0.43980759382247925,
            0.6594938039779663,
            1.6006457805633545
        ]
    ],
    "take_frame_off_hanger": [
        [
            -0.20246325433254242,
            -0.6438006162643433,
            0.0
        ],
        [
            0.5887179970741272,
            0.44910234212875366,
            1.5252741575241089
        ]
    ],
    "open_oven": [
        [
            -0.8026821613311768,
            -0.676438570022583,
            0.0
        ],
        [
            0.4835498332977295,
            0.729202926158905,
            1.6327813863754272
        ]
    ],
    "put_books_on_bookshelf": [
        [
            -0.36669081449508667,
            -0.6910393238067627,
            0.0
        ],
        [
            0.5403723120689392,
            0.6782674193382263,
            1.7451695203781128
        ]
    ],
    "slide_cabinet_open_and_place_cups": [
        [
            -0.5447191596031189,
            -0.6808427572250366,
            0.0
        ],
        [
            0.4932557940483093,
            0.8356815576553345,
            1.599669098854065
        ]
    ],
    "put_knife_on_chopping_board": [
        [
            -0.3747401833534241,
            -0.6336349248886108,
            0.0
        ],
        [
            0.545236349105835,
            0.6937552690505981,
            1.5797035694122314
        ]
    ],
    "wipe_desk": [
        [
            -0.11043275147676468,
            -0.4582236409187317,
            0.0
        ],
        [
            0.5321990847587585,
            0.4930092990398407,
            1.4910259246826172
        ]
    ],
    "reach_target": [
        [
            0.030677050352096558,
            -0.3223608434200287,
            0.7781586050987244
        ],
        [
            0.45792654156684875,
            0.3189598321914673,
            1.4720613956451416
        ]
    ],
    "pick_up_cup": [
        [
            -0.06772603839635849,
            -0.3943077027797699,
            0.0
        ],
        [
            0.47586789727211,
            0.3815375864505768,
            1.5117909908294678
        ]
    ],
    "stack_cups": [
        [
            0.0,
            -0.3783418834209442,
            0.0
        ],
        [
            0.4880160391330719,
            0.37675341963768005,
            1.472048282623291
        ]
    ],
    "stack_blocks": [
        [
            -0.05518287420272827,
            -0.3817606270313263,
            0.0
        ],
        [
            0.5272741317749023,
            0.5227411389350891,
            1.4720234870910645
        ]
    ],
    "open_grill": [
        [
            0.0,
            -0.49384286999702454,
            0.0
        ],
        [
            0.4723430871963501,
            0.45263540744781494,
            1.5562217235565186
        ]
    ],
    "open_microwave": [
        [
            -0.18835027515888214,
            -0.49582329392433167,
            0.0
        ],
        [
            0.5024231672286987,
            0.3985503911972046,
            1.4720765352249146
        ]
    ],
    "toilet_seat_up": [
        [
            -0.31978967785835266,
            -0.48118993639945984,
            0.0
        ],
        [
            0.4371092617511749,
            0.6216757297515869,
            1.5686134099960327
        ]
    ]
}