{
	"class_name" : "PinholeCameraParameters",
	"extrinsic" : 
	[
		0.92541019953254589,
		0.27295099702606018,
		-0.26289487599345385,
		0.0,
		-0.22768288224383493,
		0.95500404274531658,
		0.19007310034100516,
		0.0,
		0.30294631163668884,
		-0.11603892261901406,
		0.94591675146555299,
		0.0,
		-0.29458433422447389,
		0.24830087451802599,
		1.4390867003010528,
		1.0
	],
	"intrinsic" : 
	{
		"height" : 1080,
		"intrinsic_matrix" : 
		[
			935.30743608719376,
			0.0,
			0.0,
			0.0,
			935.30743608719376,
			0.0,
			959.5,
			539.5,
			1.0
		],
		"width" : 1920
	},
	"version_major" : 1,
	"version_minor" : 0
}