{
	"class_name" : "PinholeCameraParameters",
	"extrinsic" : 
	[
		0.49326684963998091,
		0.5642173856498075,
		-0.66207745526995931,
		0.0,
		0.86906300881500465,
		-0.286701350060801,
		0.40315235653872267,
		0.0,
		0.037647068354120267,
		-0.77424871818028251,
		-0.63176073053057813,
		0.0,
		-0.27071916665255047,
		0.4821318795807128,
		3.5951041953857223,
		1.0
	],
	"intrinsic" : 
	{
		"height" : 1080,
		"intrinsic_matrix" : 
		[
			935.30743608719376,
			0.0,
			0.0,
			0.0,
			935.30743608719376,
			0.0,
			959.5,
			539.5,
			1.0
		],
		"width" : 1920
	},
	"version_major" : 1,
	"version_minor" : 0
}