{
	"class_name" : "PinholeCameraParameters",
	"extrinsic" : 
	[
		0.021291538889119516,
		0.7148487597000226,
		-0.69895487774753573,
		0.0,
		0.99976818272515167,
		-0.01298471170868234,
		0.017174925685144209,
		0.0,
		0.0032017467390363383,
		-0.69915852853067739,
		-0.71495950990292967,
		0.0,
		-0.087980303244727068,
		0.31954952627654709,
		3.7427897451408061,
		1.0
	],
	"intrinsic" : 
	{
		"height" : 1080,
		"intrinsic_matrix" : 
		[
			935.30743608719376,
			0.0,
			0.0,
			0.0,
			935.30743608719376,
			0.0,
			959.5,
			539.5,
			1.0
		],
		"width" : 1920
	},
	"version_major" : 1,
	"version_minor" : 0
}